ZIPƒtƒ@ƒCƒ‹–¼,o—Í”NŒ“úE,’n”Ô‹æˆæ,’n”Ô,’n”Ô‹æˆæi•MŠE–¢’è’n\¬’n”Ôj,’n”Ôi•MŠE–¢’è’n\¬’n”Ôj
38209-5022-1.zip,202202151441,ˆÉ—\O“‡s,•MŠE–¢’è’n-5,ˆÉ—\O“‡s,1291
38209-5022-1.zip,202202151441,ˆÉ—\O“‡s,•MŠE–¢’è’n-5,ˆÉ—\O“‡s,1293
38209-5022-1.zip,202202151441,ˆÉ—\O“‡s,•MŠE–¢’è’n-5,ˆÉ—\O“‡s,1294-1
38209-5022-1.zip,202202151441,ˆÉ—\O“‡s,•MŠE–¢’è’n-5,ˆÉ—\O“‡s,1294-2
38209-5022-1.zip,202202151441,ˆÉ—\O“‡s,•MŠE–¢’è’n-5,ˆÉ—\O“‡s,1294-3
38209-5022-1.zip,202202151441,ˆÉ—\O“‡s,•MŠE–¢’è’n-5,ˆÉ—\O“‡s,1295-1
38209-5022-1.zip,202202151441,ˆÉ—\O“‡s,•MŠE–¢’è’n-5,ˆÉ—\O“‡s,1295-2
38209-5022-1.zip,202202151441,ˆÉ—\O“‡s,•MŠE–¢’è’n-5,ˆÉ—\O“‡s,1295-3
38209-5022-1.zip,202202151441,ˆÉ—\O“‡s,•MŠE–¢’è’n-5,ˆÉ—\O“‡s,2012
38209-5022-1.zip,202202151441,ˆÉ—\O“‡s,•MŠE–¢’è’n-5,ˆÉ—\O“‡s,2013
38209-5022-1.zip,202202151441,ˆÉ—\O“‡s,•MŠE–¢’è’n-5,ˆÉ—\O“‡s,2047
38209-5022-1.zip,202202151441,ˆÉ—\O“‡s,•MŠE–¢’è’n-5,ˆÉ—\O“‡s,“¹-1-1
38209-5022-1.zip,202202151441,ˆÉ—\O“‡s,•MŠE–¢’è’n-5,ˆÉ—\O“‡s,…-1
38209-5022-1.zip,202202151441,ˆÉ—\O“‡s,•MŠE–¢’è’n-5,ˆÉ—\O“‡s,…-2
38209-5022-2.zip,202202151441,ˆÉ—\O“‡s,184-1,,
